<?xml version="1.0" encoding="UTF-8"?>
<project-private xmlns="http://www.netbeans.org/ns/project-private/1">
    <editor-bookmarks xmlns="http://www.netbeans.org/ns/editor-bookmarks/2" lastBookmarkId="0"/>
    <open-files xmlns="http://www.netbeans.org/ns/projectui-open-files/2">
        <group>
            <file>file:/C:/Users/zhuiri/Desktop/JavaApplication1/src/com/platform/test/run/TaskPanel.java</file>
            <file>file:/C:/Users/zhuiri/Desktop/JavaApplication1/src/com/platform/test/run/testTaskPanel.java</file>
            <file>file:/C:/Users/zhuiri/Desktop/JavaApplication1/src/com/platform/test/run/Task3.java</file>
            <file>file:/C:/Users/zhuiri/Desktop/JavaApplication1/src/com/platform/test/run/BaseTask.java</file>
            <file>file:/C:/Users/zhuiri/Desktop/JavaApplication1/src/com/platform/test/run/testRunManager.java</file>
            <file>file:/C:/Users/zhuiri/Desktop/JavaApplication1/src/com/platform/test/run/Task1.java</file>
            <file>file:/C:/Users/zhuiri/Desktop/JavaApplication1/src/com/platform/test/run/Task2.java</file>
        </group>
    </open-files>
</project-private>
